id,c1_1,c2a,c2b,c2c,c2d,c2e,c17_1hensa,c15a
1,2,1,5,4,5,2,64.5,1
2,2,1,4,3,5,3,43,2
3,1,2,3,3,5,4,41,4
4,1,1,5,4,5,1,61,1
5,2,2,2,2,3,3,46,3
6,1,1,2,3,4,2,44,3
7,2,1,4,5,5,2,45,3
8,1,2,5,1,2,2,36,5
9,2,2,3,4,4,2,60,2
10,1,1,5,4,5,1,50,3
11,1,1,4,4,5,3,35.5,3
12,2,3,2,2,3,3,,4
13,2,1,5,4,5,1,51,2
14,2,2,3,4,4,1,46,3
15,2,4,1,1,1,2,45,5
16,2,2,4,3,4,3,63,2
17,1,1,5,4,5,2,58,1
18,1,2,1,1,2,3,50,2
19,1,1,4,2,5,2,52,1
20,2,2,4,2,3,1,37,5
21,2,1,5,3,5,1,56,2
22,2,1,5,2,5,2,70,1
23,2,2,3,3,5,2,46,2
24,1,3,2,1,,3,40,3
25,1,4,4,1,1,3,,5
26,2,1,5,3,5,1,64.5,3
27,2,2,3,3,3,2,68,1
28,1,2,1,1,2,4,68,1
29,2,1,2,3,5,2,58,2
30,1,1,5,5,5,2,45,3
31,2,3,4,4,3,2,49,2
32,1,2,3,4,4,3,65,3
33,1,1,3,2,5,2,64,3
34,2,3,3,3,2,3,49,3
35,2,2,4,2,5,4,56,3
36,2,2,5,1,2,4,65,1
37,2,1,4,4,5,3,61,2
38,1,3,5,3,3,3,,4
39,2,1,5,4,5,2,59,1
40,1,4,2,2,3,4,,3
41,1,1,3,3,5,2,34,5
42,1,3,4,1,5,5,39,4
43,2,1,4,4,5,2,,1
44,2,1,4,3,5,2,54,3
45,1,2,2,1,4,3,45,3
46,2,1,3,3,5,2,50,3
47,2,1,4,4,5,1,65,1
48,2,2,5,3,5,2,,3
49,1,2,3,1,1,4,52,1
50,1,1,2,4,5,3,41,4
51,2,3,3,2,5,2,36,4
52,1,4,2,2,3,3,,5
53,1,1,4,3,2,1,63,2
54,1,2,2,3,4,2,63,
55,2,1,3,3,5,2,49,1
56,1,1,5,3,5,1,57,2
57,2,1,5,3,5,1,48,3
58,2,1,4,4,5,2,69,1
59,2,2,5,1,3,1,54,1
60,1,5,5,1,2,1,63,1
61,2,1,5,3,5,1,50.5,4
62,1,2,4,1,5,2,,1
63,2,1,5,4,5,1,55,3
64,2,2,2,3,4,3,58,5
65,1,1,5,3,5,2,43,4
66,1,2,2,1,3,2,51,3
67,1,1,4,3,5,1,62,1
68,2,1,3,2,3,2,,3
69,2,2,3,3,4,2,63,3
70,1,1,5,2,5,1,51,3
71,2,2,3,3,4,4,34,5
72,1,1,5,1,5,1,39,1
73,2,1,5,4,4,3,65,1
74,1,1,4,2,5,1,61,3
75,1,2,4,2,5,2,64,1
76,2,1,4,3,5,2,45,3
77,1,2,3,4,5,2,60,5
78,1,1,5,3,5,1,45,3
79,1,1,5,5,3,1,45,3
80,2,1,2,2,5,3,59,3
81,1,2,4,3,4,2,48,4
82,2,4,3,3,3,5,,5
83,2,3,3,2,2,2,48,3
84,2,3,2,2,2,2,52,2
85,2,4,2,2,3,3,64,2
86,1,2,5,4,5,1,71,1
87,1,2,2,1,5,2,44,3
88,1,2,3,1,3,2,48,3
89,1,2,3,3,4,2,46,3
90,1,1,5,5,5,1,59,2
91,2,1,5,4,5,2,47,3
92,2,4,2,3,2,2,38,5
93,1,1,3,,5,3,,5
94,2,1,5,5,5,2,,1
95,1,2,5,1,5,1,64,3
96,2,1,1,1,5,4,36,5
97,1,1,2,3,5,2,,5
98,1,2,3,1,5,4,,2
99,1,1,4,3,4,3,64,1
100,2,2,2,3,5,3,54,2
101,1,2,2,3,4,2,54,1
102,1,1,4,3,5,1,55,2
103,2,2,3,3,3,1,55,1
104,2,3,3,1,2,2,43,4
105,1,1,5,1,2,5,58,1
106,2,2,1,2,5,2,63,1
107,1,2,5,1,4,1,72,1
108,1,1,2,3,5,2,44,3
109,2,2,3,1,3,3,37,5
110,2,1,5,4,5,4,47,3
111,1,2,3,1,3,2,,2
112,2,1,3,2,4,4,46,3
113,2,3,2,2,3,3,,3
114,1,1,4,3,5,3,,3
115,2,1,5,5,5,1,58,3
116,1,1,4,4,3,2,,3
117,1,2,4,3,4,2,66,2
118,2,3,4,2,3,3,65,2
119,2,2,2,2,5,4,41,5
120,2,2,1,3,4,2,47,4
121,2,1,5,3,5,1,52,2
122,2,3,4,5,5,1,57,5
123,1,3,1,3,2,5,39,5
124,1,1,4,3,5,3,37,5
125,2,2,4,2,3,2,47,1
126,1,1,4,2,5,2,39,5
127,2,2,3,4,5,2,56,1
128,1,3,2,2,2,1,66,2
129,1,2,1,2,4,4,,2
130,1,5,2,1,1,3,,5
131,2,3,4,2,3,2,69,1
132,2,1,4,3,4,3,55,2
133,1,1,4,5,5,2,65,3
134,1,2,1,1,4,2,60,2
135,1,2,3,3,4,3,52,4
136,2,2,4,2,1,4,,3
137,2,1,2,3,5,2,37,5
138,1,4,4,1,3,4,54,2
139,1,1,4,3,5,3,49,2
140,2,2,4,3,5,2,63,2
141,1,1,4,1,5,2,42,3
142,2,3,4,1,3,4,65,2
143,1,2,3,3,5,3,38,5
144,1,1,4,3,4,2,70,1
145,1,1,4,4,5,3,,3
146,2,2,3,3,5,2,52,2
147,1,1,4,3,4,2,60,1
148,2,1,5,5,5,3,44,2
149,2,1,5,5,5,2,63,1
150,1,1,3,3,5,3,50,3
151,2,1,1,3,1,1,,2
152,2,1,5,1,2,3,44,3
153,1,1,1,3,1,3,60,2
154,2,2,3,1,3,4,53,2
155,1,2,4,3,5,3,54,3
156,2,1,3,3,5,1,39,3
157,1,1,3,2,4,1,,4
158,1,2,3,3,4,3,49,2
159,2,1,4,3,5,1,50,3
160,1,1,1,3,5,2,,3
161,1,1,5,4,5,1,54,2
162,2,2,4,3,3,1,63,3
163,2,3,3,2,4,1,52,3
164,2,1,5,3,5,1,35,3
165,2,1,3,3,5,2,51,3
166,1,1,3,3,4,3,,3
167,1,2,2,2,5,2,43,4
168,1,2,1,3,3,3,67,5
169,2,1,1,3,5,1,46,4
170,2,1,3,5,5,3,57,2
171,1,1,3,3,5,2,54,3
172,2,2,4,3,2,3,47,3
173,1,1,3,3,4,3,63,1
174,1,2,1,4,4,5,54,1
175,2,5,4,1,1,3,39,3
176,1,1,2,3,5,3,70,1
177,2,2,3,4,5,2,,3
178,1,2,2,3,3,2,44,4
179,2,2,5,2,4,2,59,1
180,2,1,5,3,5,3,58,1
181,2,2,4,4,4,3,66,1
182,2,1,3,3,4,2,53,2
183,1,2,3,1,2,3,63,2
184,1,2,4,3,5,1,57,2
185,2,3,4,2,3,3,62,1
186,2,2,3,3,4,2,61,2
187,1,2,3,2,3,2,43,3
188,2,1,5,3,5,1,67,1
189,2,3,4,1,2,1,57,2
190,2,1,4,3,5,2,53,3
191,1,2,5,2,5,1,40,4
192,1,5,1,1,1,5,38,5
193,2,2,3,2,3,4,50.5,5
194,2,1,5,3,5,1,63,1
195,2,1,4,4,5,1,53,3
196,2,2,3,3,2,4,47,2
197,2,2,3,2,5,2,,1
198,2,1,4,2,5,1,65,2
199,2,2,1,3,3,4,36,3
200,1,2,2,2,3,3,65,1
201,2,2,5,4,5,1,57,3
202,1,1,4,3,5,2,62,1
203,2,1,4,5,5,2,64,2
204,1,2,3,3,4,3,45,4
205,2,2,4,4,3,3,45,4
206,2,2,3,3,4,3,,3
207,2,1,3,3,5,1,56,3
208,1,2,2,3,4,3,54,3
209,1,2,5,3,4,4,45,2
210,1,4,3,2,2,4,35,5
211,2,1,2,3,5,1,47.5,4
212,1,1,2,3,5,2,61.5,1
213,2,1,4,3,4,5,57,2
214,2,4,3,2,1,3,,5
215,1,2,1,2,2,3,43.5,3
216,2,1,5,1,3,4,38,3
217,1,3,3,2,3,2,,3
218,2,1,4,3,5,2,43,3
219,1,2,5,2,4,3,,4
220,1,1,5,4,5,1,53,1
221,2,2,4,3,5,2,57,2
222,1,2,3,1,2,4,32,5
223,2,1,3,3,5,2,50,3
224,2,1,4,4,5,1,65,1
225,2,4,5,2,1,3,,4
226,2,4,5,2,5,2,62,4
227,2,1,4,5,5,1,54,1
228,2,1,4,3,4,2,46,3
229,1,5,2,1,1,4,53,2
230,1,4,3,1,4,4,,5
231,2,1,2,1,3,3,64,1
232,2,1,3,3,4,3,64,3
233,2,2,1,1,2,5,,5
234,2,2,4,2,2,1,,2
235,2,2,4,2,5,1,,3
236,1,1,3,3,5,3,55,3
237,2,1,3,3,5,2,58,2
238,1,2,3,3,4,2,45,3
239,1,2,2,2,3,3,42.5,4
240,2,1,5,3,5,1,41,3
241,2,2,1,1,2,5,,4
242,1,1,4,2,5,3,45,3
243,2,2,4,3,4,3,57,1
244,2,2,2,2,4,4,40,4
245,2,1,5,3,5,2,43,3
246,2,2,5,3,5,2,49,2
247,2,2,2,2,4,3,64,2
248,1,1,4,5,5,3,55.5,4
249,2,2,3,3,4,2,58,3
250,1,1,5,3,5,1,60,2
251,1,1,5,1,5,1,58.5,2
252,1,4,5,1,2,3,,4
253,2,5,4,1,1,5,54,2
254,1,2,3,2,3,1,63,2
255,1,3,4,3,4,4,66,1
256,1,1,3,3,5,3,49,4
257,2,1,5,3,5,1,67,2
258,2,3,4,1,3,4,57,3
259,1,2,2,2,4,2,41.5,4
260,1,1,4,4,4,4,49,3
261,1,1,2,3,5,2,51.5,2
262,1,4,5,1,3,1,71,1
263,2,2,4,3,3,3,66,2
264,2,1,4,3,4,3,65,1
265,2,1,4,4,5,2,50,1
266,1,1,5,4,5,2,61,1
267,1,1,5,5,5,1,,3
268,2,1,5,3,5,1,66,1
269,1,3,4,3,5,4,54,3
270,2,2,3,3,4,3,56,2
271,1,2,5,3,4,2,35.5,4
272,2,1,4,4,5,2,69,1
273,1,4,3,1,1,5,,5
274,2,2,3,2,5,3,,3
275,2,4,2,1,1,4,35.5,4
276,1,1,3,4,5,2,,2
277,2,1,4,3,5,5,54,3
278,2,2,4,3,3,2,59,2
279,1,1,4,3,5,1,52.5,1
280,1,2,4,3,4,2,59,2
281,2,1,5,5,5,1,64,1
282,2,1,5,3,5,2,51,2
283,2,2,4,3,4,2,52.5,2
284,1,2,1,2,4,2,47.5,3
285,2,1,4,4,5,1,56.5,3
286,1,2,3,2,4,3,39,4
287,1,1,4,3,5,2,,2
288,2,1,4,4,4,3,53,2
289,2,2,3,2,3,3,49,2
290,1,1,5,3,5,1,,1
291,2,2,5,2,3,2,53,1
292,2,2,4,3,4,5,59.5,2
293,2,3,1,2,2,2,55,3
294,1,3,2,2,3,3,,5
295,1,1,4,3,5,3,67,1
296,2,1,3,3,4,4,51,3
297,2,1,4,4,5,2,53,3
298,2,1,1,1,5,5,,5
299,2,1,2,3,4,3,,5
300,1,1,5,2,5,1,57.5,1
301,1,5,3,1,1,3,54,
302,1,2,4,3,5,2,,4
303,1,3,4,2,3,3,65,1
304,2,2,5,4,5,2,65,2
305,1,1,3,3,4,4,,3
306,2,3,4,1,3,4,47,3
307,2,4,4,1,2,4,43,5
308,1,1,3,4,5,1,54.25,3
309,1,1,3,4,5,3,55,2
310,1,1,5,3,5,1,48,2
311,2,2,3,3,2,2,52.5,2
312,2,2,4,3,5,4,56,3
313,2,2,3,4,5,3,62,3
314,1,3,3,2,3,2,,5
315,1,2,4,3,4,2,60,1
316,1,1,2,2,3,2,40,4
317,2,3,3,2,2,3,36,3
318,2,1,4,3,4,3,45,3
319,1,1,3,4,5,1,56,1
320,2,1,1,5,5,2,58,3
321,1,2,4,2,3,3,60,2
322,1,1,2,2,4,2,52,3
323,2,3,4,3,5,2,40,4
324,1,4,2,2,3,5,66,1
325,2,2,4,3,4,3,58.5,1
326,2,2,4,4,5,2,57,2
327,2,1,4,2,4,4,45,3
328,1,1,3,3,5,2,64.5,1
329,2,4,2,1,2,3,62,2
330,1,1,3,2,4,4,49,3
331,2,2,3,1,5,3,45,4
332,2,2,2,3,5,2,39,5
333,1,1,5,2,5,3,65,1
334,1,1,4,3,5,2,54,2
335,1,1,2,1,1,1,38,4
336,2,1,4,3,5,1,67,3
337,2,3,4,2,1,2,45,3
338,1,1,5,5,5,1,64,1
339,1,1,2,3,5,3,42,2
340,2,1,2,4,4,3,,4
341,2,4,4,3,3,4,66,2
342,2,1,5,3,5,1,51,2
343,2,1,4,3,5,1,62,3
344,1,1,5,4,5,2,69,2
345,2,1,4,3,5,2,51.5,3
346,1,1,3,2,5,2,61,2
347,1,1,3,3,5,2,46.5,3
348,1,2,2,2,2,2,44,2
349,1,2,3,3,4,3,57.5,1
350,1,1,4,3,5,4,,1
351,1,1,5,,5,2,62,2
352,1,1,5,4,5,1,71,1
353,2,1,5,3,5,1,58.5,2
354,1,1,4,3,5,2,64.5,1
355,2,2,4,3,4,2,61,3
356,2,1,2,3,5,2,40,4
357,1,2,3,3,5,4,61,2
358,2,1,5,4,5,2,63.75,2
359,2,1,4,3,5,2,64.5,2
360,1,5,3,1,2,2,,3
361,1,1,4,4,5,5,56,1
362,1,1,2,3,4,2,64,2
363,2,3,4,1,2,3,51.5,2
364,2,2,3,3,4,3,65,2
365,1,5,5,1,1,5,54,2
366,2,4,5,1,2,3,63,1
367,2,3,4,2,3,4,51,2
368,1,2,5,1,5,3,,5
369,1,2,3,4,5,4,56,3
370,2,2,2,5,5,4,49,4
371,1,3,3,3,5,3,,4
372,2,2,1,3,4,4,41,3
373,1,1,2,2,4,1,62,1
374,1,1,4,1,5,1,56,5
375,1,2,3,3,5,2,38,2
376,1,2,4,3,3,2,,1
377,2,2,4,2,5,2,59,2
378,2,2,4,1,5,2,,4
379,2,2,5,1,5,4,70,1
380,1,2,4,3,5,4,47.5,4
381,1,2,4,1,3,3,62,2
382,2,3,2,1,1,3,36,4
383,2,1,4,3,5,3,53,3
384,2,2,2,3,3,3,,5
385,2,3,1,2,2,3,35,2
386,1,1,5,3,5,1,,2
387,1,1,5,3,5,2,,
388,1,1,4,3,5,3,53.5,3
389,2,2,3,3,4,4,,3
390,2,4,3,1,3,3,49.5,2
391,2,1,4,3,5,3,43.5,3
392,1,1,5,3,5,1,65,2
393,1,2,3,3,4,2,,4
394,1,1,5,4,5,1,53,3
395,2,1,3,4,5,2,57,2
396,1,,,,,,,4
397,2,1,4,3,4,3,53,3
398,1,1,5,1,5,2,50,4
399,1,1,5,3,5,2,45,3
400,2,1,4,4,5,2,71,1
401,2,3,3,2,2,2,,5
402,1,1,5,3,5,3,58,1
403,1,1,3,3,5,3,39.5,4
404,1,2,2,1,5,5,61,2
405,2,2,3,2,4,3,48,3
406,2,1,5,3,4,3,70,2
407,2,2,4,4,4,2,62,1
408,2,1,5,3,5,2,54,2
409,1,1,3,2,5,2,58,2
410,1,3,3,3,4,2,46,4
411,1,3,3,3,1,3,,1
412,1,1,5,3,5,1,,1
413,2,2,3,3,5,2,37,4
414,2,1,5,3,5,3,59.5,1
415,2,2,5,3,4,2,61,1
416,2,2,3,5,3,5,,3
417,1,2,5,1,5,3,40.5,5
418,1,2,5,3,5,3,61.5,3
419,1,1,3,3,5,2,46,3
420,2,2,3,1,2,3,35.5,4
421,2,1,1,4,5,3,61,2
422,1,1,3,3,5,1,70,1
423,1,2,2,2,2,2,,3
424,2,1,4,3,4,3,50,1
425,1,1,5,3,5,1,46,3
426,2,2,5,3,5,1,58,2
427,2,1,4,4,3,2,59,1
428,2,1,4,3,5,3,46,3
429,2,1,2,1,5,3,40,4
430,1,1,3,2,5,2,65,1
431,2,2,5,3,4,1,53,2
432,1,1,5,2,4,3,40,2
433,1,2,2,3,4,2,53.6666,4
434,2,2,2,3,4,2,69,1
435,2,1,4,4,5,1,48,1
436,1,2,5,3,3,2,68,1
437,1,1,4,3,5,2,52,3
438,2,5,1,1,2,3,63,2
439,1,2,3,3,4,2,43,3
440,1,3,1,2,5,4,64,3
441,1,3,3,2,3,3,46,5
442,2,1,4,5,5,3,,1
443,1,3,2,3,3,3,44,3
444,1,2,2,1,3,3,61,1
445,1,2,2,2,3,2,62,3
446,2,4,5,1,4,1,,1
447,1,4,1,1,1,2,42,5
448,2,1,4,4,5,1,62,2
449,2,3,4,2,3,3,52,2
450,1,2,1,2,1,5,49,2
451,2,1,5,2,5,1,47,3
452,1,1,5,4,5,3,58,1
453,1,1,3,4,5,3,45,3
454,1,1,5,1,4,2,63,1
455,1,1,5,1,5,1,60,2
456,1,1,3,2,5,2,35,4
457,1,3,3,3,3,2,44,3
458,1,1,2,1,5,3,59,2
459,2,2,4,4,5,2,40,4
460,2,3,2,1,3,3,42,3
461,2,1,3,3,4,1,42,3
462,1,1,5,1,3,2,57,2
463,2,3,4,3,3,4,44,3
464,2,4,2,4,3,3,33,5
465,1,1,1,3,5,5,46,3
466,2,4,2,1,2,3,44,3
467,2,2,4,3,4,2,43,1
468,2,3,3,3,3,2,49,3
469,2,3,4,1,3,2,45,3
470,2,2,4,4,5,4,57,2
471,1,3,1,3,3,2,45,3
472,1,1,4,3,5,1,38,4
473,2,1,5,3,5,2,,2
474,2,1,5,4,5,2,52,2
475,2,2,5,3,5,2,50,5
476,2,2,4,2,2,4,57,1
477,2,3,5,2,2,2,56,1
478,1,2,3,2,2,4,55,1
479,2,2,5,2,4,3,36,4
480,2,1,5,4,5,1,52,2
481,1,1,2,5,4,4,,2
482,2,2,4,1,1,3,54,4
483,2,1,5,4,5,1,65,2
484,1,2,3,3,5,1,50,2
485,1,2,4,2,4,2,43,3
486,2,1,3,5,5,1,52,3
487,1,4,5,3,3,4,51,3
488,2,2,1,2,4,2,50,3
489,1,1,2,1,4,2,38,2
490,1,1,5,4,5,3,44,3
491,2,3,4,2,3,4,44,3
492,2,1,4,3,5,1,63,2
493,1,1,5,3,5,2,56,2
494,2,2,3,3,2,4,41,5
495,2,2,4,3,4,2,48,2
496,1,2,3,1,3,2,47,3
497,2,1,5,3,5,5,68,2
498,2,1,5,2,5,1,56,3
499,2,1,5,3,4,3,56,1
500,1,3,1,3,2,3,47,5
501,2,1,3,3,5,2,35,5
502,1,5,2,1,2,2,43,4
503,2,2,1,4,3,4,47,3
504,1,1,3,2,3,2,43,5
505,2,1,4,4,5,1,67,1
506,1,2,3,3,3,2,53,3
507,2,4,5,3,5,2,41,2
508,2,1,4,3,5,1,55,2
509,1,1,3,3,5,2,54,3
510,1,2,3,2,4,3,59,3
511,2,2,4,1,5,1,37,3
512,2,2,3,2,5,1,57,3
513,1,1,5,3,5,1,48,3
514,2,1,4,4,4,1,44,2
515,1,1,4,3,5,1,,2
516,2,3,3,1,4,3,57,1
517,1,3,3,2,3,3,54,3
518,2,2,2,2,2,3,39,5
519,1,1,5,3,5,1,45,3
520,1,2,4,2,4,2,54,4
521,2,1,3,3,3,4,47,3
522,2,1,5,4,5,1,61,1
523,1,1,3,3,3,2,66,3
524,2,1,5,3,5,3,56,1
525,2,2,5,3,4,1,,4
526,1,2,4,3,4,2,47,2
527,1,1,3,3,5,2,48,2
528,2,1,4,3,5,2,47,3
529,1,2,3,3,5,3,48,3
530,2,3,3,1,2,2,,5
531,2,1,4,4,5,1,46,3
532,2,2,5,1,4,4,,2
533,1,1,4,3,5,1,61,1
534,2,2,4,4,5,2,59,1
535,1,1,5,3,5,2,39,3
536,1,2,4,3,4,1,43,4
537,1,1,3,1,5,2,,5
538,2,1,3,4,4,2,45,3
539,1,2,3,3,5,2,34,4
540,1,1,2,3,4,1,48.5,3
541,1,2,4,3,5,2,54.3333333333333,3
542,2,2,5,2,2,3,42,4
543,2,2,1,1,5,3,37,5
544,2,2,2,4,5,3,42,3
545,2,1,5,4,5,1,58,3
546,2,4,2,1,3,4,68,1
547,2,1,5,4,5,3,60,1
548,2,2,4,3,5,2,61,1
549,2,3,4,3,4,2,34,3
550,1,1,4,3,5,2,62,2
551,2,2,4,3,4,4,64,1
552,1,3,2,2,1,3,32,5
553,2,2,3,3,4,3,46,1
554,2,2,4,3,5,2,43,2
555,1,5,2,1,1,4,38,5
556,1,3,3,1,3,3,40,4
557,2,1,1,3,5,4,57,2
558,2,1,3,4,5,3,42,3
559,2,1,2,4,5,3,37,3
560,2,2,3,2,4,2,44,2
561,1,2,4,2,5,2,63,1
562,1,2,4,2,4,2,47,3
563,1,1,3,2,3,4,37,4
564,2,2,2,2,2,1,54,2
565,1,1,1,1,5,2,66,1
566,2,4,4,1,3,2,38,5
567,1,2,3,3,4,3,39,4
568,1,2,2,3,3,2,53,2
569,2,1,2,3,3,2,47,3
570,2,4,2,1,2,3,61,5
571,1,1,4,4,5,2,68,1
572,2,1,4,4,4,3,68,1
573,2,2,4,3,4,3,42,2
574,1,1,3,4,5,1,53,2
575,2,2,4,2,3,1,38,3
576,2,1,5,5,5,1,58,3
577,1,2,4,4,5,2,66,1
578,1,2,1,3,4,1,38,4
579,2,1,3,4,4,2,48.5,2
580,2,2,3,2,4,4,51,
581,2,1,4,4,5,2,54,2
582,1,3,3,3,5,3,47,3
583,2,1,4,4,5,3,58,3
584,1,2,4,3,5,2,52,1
585,2,2,5,2,4,4,,2
586,1,1,4,2,5,2,45.3333333333333,3
587,1,1,4,1,5,1,34,4
588,2,2,2,5,5,4,,3
589,2,1,5,2,5,2,61,2
590,2,3,5,2,4,3,61,3
591,1,5,3,1,1,3,64,1
592,1,1,5,5,5,2,47.5,4
593,2,2,3,2,3,2,42,2
594,1,1,5,3,5,1,63,1
595,2,3,3,1,4,4,53.333,4
596,2,2,4,2,3,3,49,5
597,1,2,4,3,2,5,68,2
598,1,2,3,1,3,2,53,2
599,1,1,4,5,5,2,67,2
600,2,4,4,1,2,4,36,5
601,1,2,4,3,4,3,48,3
602,1,1,3,3,4,2,50,3
603,1,1,4,3,5,1,60,1
604,1,1,5,3,5,1,48,1
605,1,2,5,1,4,1,62,1
606,2,1,4,3,5,1,66,1
607,1,1,5,3,5,2,,
608,2,2,3,3,4,3,,4
609,1,2,4,3,4,2,45,3
610,1,1,2,3,5,2,43,2
611,2,1,3,2,3,2,44,3
612,2,3,1,3,2,2,38,4
613,2,2,4,2,5,3,39,3
614,1,1,3,3,5,4,41,3
615,1,1,4,3,5,1,38,5
616,2,4,3,1,4,3,51,2
617,2,2,4,3,4,3,52,2
618,1,3,3,1,3,3,56,1
619,1,2,3,2,2,2,34,4
620,1,1,5,3,5,1,52,2
621,2,1,5,4,4,3,47,5
622,2,1,4,2,5,3,,5
623,1,4,2,1,2,3,46,3
624,1,4,2,1,3,2,38.7,5
625,2,1,5,3,5,1,57,2
626,2,1,5,4,5,1,60,3
627,2,1,4,3,5,2,48,3
628,2,1,4,4,4,2,,4
629,1,1,3,5,3,5,45,3
630,2,5,1,1,1,1,,5
631,1,1,1,3,4,3,49,3
632,1,1,5,3,5,2,42,3
633,1,1,4,1,4,2,63,2
634,1,3,3,2,3,3,47,4
635,2,4,2,3,1,1,66,1
636,2,1,5,4,5,1,32,3
637,1,2,3,3,5,2,44,4
638,2,1,5,3,5,1,62,1
639,1,1,5,1,3,3,41,3
640,2,1,3,4,4,2,46,2
641,2,3,3,1,2,3,48,3
642,2,1,4,4,5,1,52,
643,1,1,5,2,5,1,46,4
644,2,1,4,2,5,2,40,2
645,1,4,4,1,4,3,33,4
646,2,1,5,4,5,2,63,2
647,1,2,4,2,3,5,41,4
648,1,2,3,2,3,2,53,2
649,2,1,4,2,5,1,43,3
650,1,3,3,2,3,3,59,3
651,2,3,1,1,2,3,42,1
652,2,2,5,3,5,4,42,3
653,1,1,5,3,5,2,54,2
654,2,1,4,4,5,2,42,4
655,1,1,4,3,5,2,51,1
656,2,1,5,2,4,3,61,2
657,1,1,5,3,5,2,60,1
658,1,2,4,3,4,2,62,1
659,1,2,1,3,3,5,36,5
660,2,3,1,1,2,2,41,4
661,2,2,4,2,3,2,59,1
662,2,2,4,3,3,5,54,1
663,1,2,3,3,3,2,36.5,4
664,2,2,3,3,4,2,56,1
665,2,1,3,2,4,3,51.67,5
666,1,2,2,3,3,2,54,2
667,1,1,1,1,4,4,37,5
668,1,2,5,4,4,2,54,1
669,2,1,4,3,5,3,62,2
670,1,1,3,4,5,2,52,2
671,2,1,4,3,3,3,,1
672,2,1,2,5,5,2,,5
673,1,3,4,2,5,3,67,3
674,2,1,4,3,5,2,65,1
675,1,4,4,1,1,3,47,3
676,1,4,4,1,2,1,48,2
677,1,1,5,2,5,2,46,1
678,2,1,4,2,5,2,55,2
679,1,2,4,3,4,3,42,2
680,2,1,3,1,5,2,45,1
681,1,1,3,3,4,3,47,2
682,1,3,5,1,5,2,51,2
683,1,3,3,2,3,2,46,3
684,1,1,1,3,5,3,56,2
685,1,3,4,3,3,3,,5
686,2,1,4,3,4,1,,2
687,2,2,4,3,2,2,47,4
688,1,2,3,2,4,3,,
689,2,1,3,3,4,3,,2
690,1,1,5,3,4,2,59,2
691,2,2,3,3,4,1,63,2
692,1,2,3,3,3,1,67,4
693,1,1,5,5,5,3,59,2
694,1,1,4,5,5,1,60,1
695,1,2,4,3,5,5,50,2
696,2,1,3,5,5,1,39,1
697,1,1,4,3,5,3,34,4
698,1,5,5,1,1,3,,5
699,1,4,3,1,4,3,45,3
700,1,1,1,1,4,1,52,3
701,2,1,5,4,5,2,34,2
702,1,1,2,1,4,3,39,3
703,1,1,3,,5,3,53,3
704,1,1,1,1,4,1,41,1
705,1,1,2,1,5,1,,4
706,2,5,4,5,5,5,57,5
707,2,1,4,3,5,4,,5
708,1,1,3,3,5,3,50,3
709,2,1,4,4,5,1,58,1
710,1,1,5,3,5,1,38,3
711,1,2,5,4,5,2,43,1
712,2,2,5,3,4,2,56,2
713,2,1,5,4,5,2,52,3
714,2,1,5,5,5,2,41,5
715,2,2,3,3,4,2,48,2
716,1,3,3,2,4,2,45,5
717,1,1,5,2,5,1,63,1
718,2,2,4,2,5,3,61,1
719,2,1,5,5,5,2,40,5
720,2,2,3,3,4,3,,3
721,1,1,4,3,5,1,37,2
722,1,1,2,3,5,2,62,1
723,2,1,5,2,5,1,68,1
724,1,1,5,1,5,2,45,2
725,1,2,2,1,4,1,67,1
726,2,2,3,3,5,2,38,5
727,2,1,4,5,5,4,45,5
728,1,1,4,4,5,3,49,2
729,2,4,3,2,1,4,,5
730,1,2,2,3,5,4,42,3
731,2,1,3,3,5,3,68,1
732,1,4,2,3,4,3,,5
733,1,2,,2,5,2,44.5,1
734,2,1,5,4,5,1,65,1
735,2,1,4,3,5,2,55,2
736,2,2,2,3,5,2,54,3
737,2,2,4,3,4,3,59,2
738,1,1,5,4,5,3,43,4
739,1,2,3,1,3,1,43,3
740,1,1,4,3,5,4,37,5
741,2,1,2,4,5,3,46,4
742,1,3,2,5,3,3,53,1
743,1,2,4,2,5,4,61,1
744,2,1,4,4,4,1,65,1
745,2,1,5,3,5,2,60,2
746,2,2,3,4,4,3,53,2
747,1,1,4,3,5,2,40,4
748,1,1,3,5,5,2,69,1
749,2,2,5,5,5,2,47.5,3
750,2,1,4,3,4,1,48,3
751,1,1,1,3,3,5,34,3
752,1,1,1,5,5,5,,5
753,2,1,3,3,5,2,57,2
754,2,1,5,3,3,2,,1
755,1,2,3,3,5,2,39,4
756,1,2,2,2,3,2,53.5,3
757,1,1,5,5,5,1,67,2
758,2,3,4,3,3,4,53,3
759,1,1,5,2,5,2,55,1
760,1,1,5,5,5,1,33,4
761,1,2,1,2,3,2,55,3
762,2,3,5,3,5,1,44,2
763,1,2,3,3,4,4,56,1
764,1,2,3,1,5,1,49,3
765,2,1,5,3,5,4,37,3
766,1,2,3,4,3,3,,1
767,1,2,3,2,2,3,,5
768,1,1,1,3,3,5,47,
769,2,1,3,4,5,3,48,2
770,1,2,2,2,5,3,49,5
771,1,5,3,1,2,2,39,3
772,1,3,5,1,3,1,59,1
773,2,2,4,4,5,1,46,2
774,2,3,4,2,2,2,47,2
775,2,1,4,3,5,2,38.25,3
776,2,1,3,4,5,3,58,3
777,1,1,5,2,5,4,62,2
778,2,1,4,3,5,2,61,1
779,1,1,3,3,5,2,61,3
780,2,1,4,3,5,2,45,3
781,1,1,3,3,5,2,57,3
782,1,2,4,2,3,2,55,2
783,2,1,4,3,4,2,48,3
784,1,2,3,3,3,3,36,4
785,2,3,2,3,2,3,38,3
786,2,1,4,4,4,2,36,4
787,1,1,5,2,5,1,,1
788,2,3,4,2,2,3,52,4
789,2,1,5,5,5,2,58,1
790,2,1,5,4,5,2,59,2
791,1,1,4,4,5,1,69,1
792,1,4,1,2,2,4,46,1
793,1,1,1,2,4,3,46,5
794,2,1,4,3,5,1,43,3
795,2,2,4,1,4,2,,3
796,2,1,3,3,5,2,57,3
797,2,5,2,3,1,3,35,4
798,2,2,5,3,5,2,51,3
799,1,1,5,3,5,3,60.5,2
800,2,2,4,3,4,4,,3
801,1,2,4,4,4,2,50,2
802,1,1,4,4,4,2,67,3
803,1,1,5,3,5,3,45,3
804,2,2,2,3,3,3,62,1
805,1,1,3,3,4,2,54,3
806,1,1,2,,5,2,35,5
807,2,3,4,2,2,3,44,3
808,2,3,1,2,2,2,49,3
809,1,5,2,1,2,3,55,1
810,1,1,3,4,4,3,36,3
811,2,1,5,5,5,2,61,2
812,1,3,3,1,1,5,63,1
813,2,1,2,3,4,4,63,1
814,2,2,5,1,3,1,58,2
815,1,2,3,4,3,2,62,1
816,2,5,5,,3,5,48,2
817,2,1,4,3,5,2,55,2
818,2,1,4,3,4,2,55,2
819,2,2,4,2,2,3,54,2
820,2,1,4,3,5,3,68,1
821,2,1,5,4,5,2,56,1
822,1,3,4,2,2,3,67,4
823,1,1,3,3,5,4,47,2
824,2,3,4,1,3,4,33,4
825,2,2,4,1,4,1,66,1
826,2,1,4,3,4,2,45,3
827,2,2,3,3,3,3,54,2
828,2,3,2,3,4,2,46,3
829,1,1,3,1,3,3,36,3
830,1,1,2,2,5,1,39,3
831,1,2,3,4,4,3,59,1
832,1,3,4,5,1,3,63,1
833,2,5,1,1,1,5,,5
834,2,1,3,3,4,4,,3
835,2,1,5,3,2,2,49,1
836,1,4,2,1,1,4,45,4
837,2,1,5,3,5,1,55,1
838,1,2,2,2,5,2,47,2
839,1,1,3,3,3,2,65,2
840,1,1,5,4,5,1,48,2
841,1,2,2,3,4,3,40,4
842,1,2,4,1,3,1,46,3
843,1,2,4,3,4,2,59,1
844,2,1,4,3,4,3,60,1
845,2,2,3,3,4,2,61,3
846,1,1,5,3,5,1,65,1
847,1,2,5,3,4,3,42,2
848,2,2,2,2,2,2,60,5
849,1,1,5,4,5,3,,1
850,2,3,4,3,3,2,35,3
851,2,1,5,4,5,1,61,3
852,1,2,3,4,4,2,68,2
853,1,1,4,3,5,3,68,2
854,2,1,5,3,5,1,49,2
855,1,3,1,1,1,5,51.25,4
856,2,4,2,2,2,2,39,5
857,2,1,5,3,5,3,53,2
858,1,1,4,4,5,1,,3
859,1,2,2,2,4,3,54,2
860,2,2,2,3,3,4,43,4
861,1,1,3,4,5,1,67,2
862,1,2,4,3,5,1,48,2
863,1,1,2,2,5,1,54,5
864,2,2,4,3,4,3,68,1
865,2,2,3,2,3,4,39,4
866,1,1,3,1,5,3,48,3
867,2,2,3,3,4,2,,4
868,1,2,2,3,4,3,,3
869,1,1,3,3,5,2,45,3
870,2,1,5,5,4,2,,1
871,2,1,3,3,5,2,65,1
872,2,1,4,3,5,1,48,4
873,1,1,2,1,5,3,51,2
874,1,2,3,4,3,4,,2
875,1,2,4,4,4,2,59,1
876,2,1,4,3,5,4,44,2
877,1,5,1,1,1,5,57,1
878,2,1,4,3,5,1,,
879,1,3,4,1,3,3,,3
880,2,2,4,2,4,2,62,1
881,1,2,5,3,4,4,59,1
882,2,2,4,3,4,3,,3
883,2,2,4,2,4,1,51,4
884,2,2,4,3,4,2,63,3
885,2,2,3,3,4,4,38,5
886,2,1,3,4,3,2,37,4
887,1,1,1,2,5,5,45.3333333333333,1
888,1,2,4,3,5,1,69,1
889,2,1,4,1,5,2,67,1
890,1,1,5,1,3,2,,3
891,1,1,2,3,5,3,54,3
892,1,2,4,3,5,2,67,2
893,1,1,1,1,5,1,64,1
894,2,3,4,2,4,2,64,1
895,1,2,4,5,5,1,,2
896,2,1,1,3,3,1,35,5
897,2,1,5,4,5,1,50,2
898,2,3,4,1,3,3,,4
899,1,3,3,3,4,5,49,5
900,2,1,5,5,5,2,59,3
901,2,2,3,4,3,3,52,2
902,1,1,1,1,5,1,,5
903,1,2,3,3,3,3,43,2
904,2,1,4,4,5,1,41,3
905,2,2,4,2,3,4,,1
906,2,2,3,4,4,3,56,2
907,1,2,1,1,5,2,45,3
908,1,1,2,2,5,3,46,3
909,1,1,5,3,5,1,53,1
910,2,1,4,3,5,4,48,3
911,1,3,5,3,3,1,57,2
912,2,2,3,2,5,2,45,3
913,1,1,2,3,5,3,,4
914,2,1,4,2,4,2,49,4
915,2,2,4,2,3,2,56,3
916,1,1,4,3,5,1,44,1
917,2,2,5,3,4,1,67,1
918,1,1,4,5,5,2,,2
919,2,1,4,3,5,2,43,2
920,1,1,2,3,5,1,48,3
921,2,2,3,1,5,2,38,3
922,2,1,4,3,4,2,61,2
923,2,1,5,3,5,1,59.5,1
924,1,2,4,3,3,2,60.5,1
925,1,1,1,1,1,1,60,3
926,2,3,4,3,3,5,41,3
927,2,1,4,4,5,3,44,2
928,2,1,4,3,4,2,,4
929,2,1,2,2,5,2,61,2
930,2,3,4,3,2,3,50,3
931,1,2,1,1,4,5,40,4
932,1,3,2,1,4,2,58,2
933,2,4,2,2,5,3,56,2
934,2,1,4,3,4,3,44,4
935,2,1,2,3,5,1,46,3
936,1,1,3,4,5,2,45,4
937,2,1,5,4,5,2,59,1
938,2,1,2,4,4,1,63,1
939,2,1,5,3,5,2,37,4
940,1,1,3,2,4,2,38,
941,1,1,5,3,5,3,68,2
942,2,2,4,4,5,2,43,2
943,2,1,2,3,5,2,,1
944,1,2,3,3,5,2,56,3
945,2,4,1,1,1,3,,5
946,2,2,5,5,5,2,66,2
947,2,2,4,1,3,3,55,2
948,1,1,4,3,5,3,47,4
949,2,1,4,2,5,4,35,5
950,1,1,1,2,5,1,42,3
951,2,1,4,3,5,1,32,5
952,1,2,4,3,5,2,48,2
953,1,4,3,2,2,2,46,3
954,1,2,3,1,3,2,46,3
955,1,2,3,3,4,5,61,1
956,2,2,5,5,5,2,54,3
957,2,1,5,3,5,1,45,3
958,1,2,3,2,3,3,46,3
959,2,1,2,2,3,1,69,1
960,2,2,3,2,4,2,40,5
961,1,1,4,2,5,1,42,3
962,1,2,3,4,5,4,53,2
963,2,1,2,2,4,3,59,3
964,1,1,3,3,3,1,,4
965,2,1,5,3,4,2,63,3
966,2,2,5,2,,2,66,1
967,1,2,3,1,3,3,54,3
968,1,1,5,4,5,3,,1
969,2,1,5,3,5,1,41,3
970,2,2,1,1,4,4,40,5
971,1,2,3,2,5,1,39,5
972,2,1,2,4,5,4,51,3
973,1,1,2,3,4,3,53,2
974,1,3,2,2,3,4,44,3
975,2,3,1,1,3,1,49,3
976,2,1,5,3,5,1,39,3
977,1,1,1,3,5,3,42,4
978,1,4,2,1,3,4,68,1
979,1,1,1,4,5,2,52,3
980,2,1,5,1,5,1,53,2
981,1,2,3,3,4,5,48,3
982,1,1,5,3,4,3,,2
983,1,4,5,3,3,3,67,1
984,1,2,3,3,2,4,35.5,4
985,1,1,5,2,5,2,62,1
986,2,1,5,3,5,5,56,2
987,2,2,4,1,5,4,65,3
988,2,1,5,2,5,1,35,3
989,2,5,4,1,1,3,34,4
990,1,1,3,3,4,2,,4
991,1,2,2,3,5,2,39,3
992,1,1,5,3,5,1,38,3
993,2,3,2,2,3,2,57,1
994,2,2,1,2,5,3,57,1
995,1,1,5,3,5,2,46,3
996,2,1,5,3,5,1,61,1
997,1,2,1,3,4,3,,4
998,1,2,2,2,4,2,43,3
999,1,2,4,3,5,2,56,3
1000,2,1,4,5,5,1,56,3
1001,1,1,2,1,5,4,43,3
1002,2,1,5,4,5,2,65,1
1003,2,1,4,2,2,2,57,3
1004,2,2,1,3,4,5,62,3
1005,2,2,2,1,3,2,50,2
1006,2,1,4,5,5,2,64,4
1007,1,3,3,2,3,3,34,4
1008,1,1,5,4,5,1,42,4
1009,1,2,5,1,4,5,48,3
1010,1,2,2,4,4,2,45,3
1011,2,3,3,1,,2,64,2
1012,1,2,5,1,3,2,39,4
1013,1,1,5,4,5,2,61,2
1014,2,1,2,3,5,2,39,5
1015,2,1,5,5,5,2,46,2
1016,2,3,3,1,2,2,39,5
1017,1,1,3,1,1,3,52,3
1018,1,2,2,2,3,3,68,1
1019,2,1,3,4,5,2,35,2
1020,1,2,4,3,5,3,61,2
1021,1,1,3,2,4,2,36,5
1022,1,1,5,3,4,3,59,2
1023,1,3,3,3,4,5,61,2
1024,1,5,2,1,2,4,,5
1025,2,1,5,3,5,1,64,1
1026,2,3,4,2,2,2,56,3
1027,1,1,4,3,5,1,67,1
1028,1,1,2,3,3,3,65,3
1029,2,4,5,3,1,3,40,5
1030,2,1,4,3,5,1,63,2
1031,1,1,4,4,5,2,58,3
1032,2,2,5,1,4,1,56,1
1033,1,1,1,3,4,3,44,3
1034,2,3,1,4,3,4,47,2
1035,2,2,2,3,3,4,38,4
1036,2,3,3,2,3,4,38,4
1037,1,1,5,3,5,1,48,2
1038,1,2,4,3,4,2,42,4
1039,1,1,5,3,5,2,67,1
1040,1,3,3,2,3,3,37,3
1041,1,1,4,4,5,2,58,1
1042,1,2,4,3,5,4,64,1
1043,1,3,1,1,2,3,57,1
1044,2,1,5,4,5,1,47,2
1045,2,1,4,5,5,2,47.5,4
1046,1,2,4,3,5,2,58,2
1047,1,1,4,3,5,2,62,2
1048,2,1,5,3,5,2,62,2
1049,1,2,4,3,5,1,32,3
1050,1,2,3,2,5,2,40,3
1051,1,2,3,3,5,3,,3
1052,1,2,2,2,4,3,48,3
1053,2,1,4,3,2,5,42,3
1054,2,1,3,5,5,1,48,5
1055,2,1,5,3,5,2,58,2
1056,2,1,5,3,4,1,64,1
1057,1,1,2,4,5,2,60,2
1058,1,5,5,1,4,2,63,1
1059,1,,,,,,56,3
1060,2,1,4,4,5,3,49,2
1061,2,1,5,4,5,1,54,2
1062,1,5,2,2,1,5,,5
1063,1,2,3,1,4,2,44,2
1064,2,1,3,4,5,3,52,2
1065,2,1,2,1,5,2,67,1
1066,2,2,5,3,4,2,58,1
1067,2,2,5,2,3,3,42,1
1068,1,2,4,2,3,4,37,5
1069,1,3,4,2,3,4,50,3
1070,2,2,3,3,2,1,43,3
1071,2,1,5,1,5,1,65,2
1072,1,4,4,1,1,2,60,1
1073,1,1,3,3,5,2,58,2
1074,2,1,5,3,5,1,60,1
1075,2,1,5,3,5,1,68,1
1076,1,2,4,3,5,2,41,2
1077,2,1,4,3,5,1,51,3
1078,1,2,3,3,5,2,,3
1079,2,1,5,5,5,4,58,3
1080,1,2,1,2,3,2,66,5
1081,2,1,2,4,4,3,41,3
1082,2,1,3,3,5,2,63,1
1083,2,1,2,4,5,2,43,3
1084,2,2,4,2,5,2,59,1
1085,1,2,2,4,4,3,72,3
1086,2,2,4,3,3,2,,1
1087,1,3,1,1,4,2,,5
1088,2,1,2,4,5,1,54,2
1089,2,1,5,4,5,2,57,2
1090,1,2,2,3,3,3,49,2
1091,2,3,2,2,2,4,,4
1092,1,2,1,4,5,2,,2
1093,1,2,1,1,4,4,51,2
1094,2,2,4,2,4,2,57,1
1095,2,2,4,4,4,2,44,2
1096,2,2,5,1,4,3,,4
1097,2,1,3,4,5,2,68,3
1098,2,1,5,4,5,1,60,1
1099,1,2,3,2,3,2,55,2
1100,1,1,5,3,3,2,62,2
1101,1,2,4,3,4,2,55,1
1102,1,1,5,3,5,2,68,1
1103,2,1,4,3,5,3,53,3
1104,2,1,3,1,3,1,,5
1105,1,2,5,3,5,1,46,3
1106,1,2,1,1,2,2,44,4
1107,1,2,4,3,5,1,51,3
1108,1,2,3,2,5,2,60,2
1109,2,1,1,1,1,2,38,4
1110,2,5,4,3,4,1,56,2
1111,2,1,2,1,2,2,64,2
1112,1,4,2,3,2,3,34,5
1113,1,2,4,1,5,3,39,3
1114,1,3,2,3,4,5,55,2
1115,2,1,3,3,5,2,33,2
1116,2,2,3,2,4,4,38,4
1117,2,1,4,4,5,1,50,2
1118,2,2,1,3,3,4,40,2
1119,1,2,3,1,3,4,55,2
1120,1,2,4,3,5,2,67,2
1121,2,1,5,5,5,1,40,4
1122,2,2,3,3,3,4,37,4
1123,1,2,4,2,4,3,58,2
1124,1,1,3,3,5,4,47,2
1125,2,2,3,3,4,3,55,2
1126,2,2,4,4,4,3,,5
1127,1,2,4,3,5,2,63,1
1128,2,1,4,4,5,1,54,3
1129,1,4,3,3,3,3,63,1
1130,1,2,5,3,5,1,46,4
1131,2,2,2,3,4,3,41,5
1132,2,5,5,1,1,5,47,4
1133,1,1,3,3,5,3,44,4
1134,1,2,3,3,5,1,43,1
1135,2,1,4,1,5,1,,3
1136,2,2,4,3,4,1,42,4
1137,1,1,3,1,5,1,37,5
1138,2,4,1,1,1,5,,5
1139,2,3,4,1,2,1,47,4
1140,2,2,3,3,4,4,59,2
1141,1,2,3,2,5,4,,4
1142,1,2,3,1,3,3,47,3
1143,2,1,5,4,5,2,46,3
1144,1,2,4,4,4,4,,3
1145,2,1,4,3,5,5,62,1
1146,2,2,4,4,4,3,41,3
1147,1,1,5,3,5,1,65,1
1148,2,3,4,1,3,2,42,3
1149,2,3,4,2,2,2,,
1150,2,4,3,3,3,3,51,3
1151,1,1,5,4,5,1,69,2
1152,1,3,5,4,4,2,60,2
1153,2,2,3,3,4,3,,3
1154,2,2,3,2,3,2,45,3
1155,1,2,3,2,4,2,36,3
1156,2,1,3,4,5,1,53,2
1157,1,2,4,1,2,3,45,5
1158,1,1,3,3,5,2,50,2
1159,2,1,5,4,5,1,50,1
1160,1,3,2,5,,2,50,
1161,1,2,2,1,2,4,39,3
1162,2,2,4,2,3,2,58,2
1163,1,1,3,4,5,3,64,1
1164,2,1,5,2,5,3,64,1
1165,1,1,2,4,5,1,37,4
1166,2,1,5,3,5,1,63,1
1167,2,1,4,5,5,1,68,5
1168,2,3,1,1,2,3,40,3
1169,1,1,5,4,5,1,61,1
1170,1,3,4,3,3,2,54,4
1171,2,2,2,4,3,2,34,2
1172,2,2,1,2,3,3,,5
1173,1,1,1,1,5,1,30,
1174,1,1,4,4,5,2,67,3
1175,1,3,3,2,2,3,,4
1176,1,2,3,3,5,3,36,4
1177,2,1,5,2,5,3,,1
1178,2,2,4,4,4,3,44,3
1179,1,1,3,3,4,2,55,1
1180,2,2,4,3,2,2,,3
1181,1,1,2,5,5,2,40,3
1182,1,1,2,2,5,3,37,4
1183,2,3,3,2,3,2,50,2
1184,2,1,4,5,5,1,65,4
1185,1,2,2,2,4,2,38,3
1186,2,1,3,4,5,1,53,3
1187,2,1,5,3,5,1,47,2
1188,2,2,4,3,4,2,65,1
1189,2,1,2,3,4,4,38,3
1190,1,2,3,1,3,1,40,5
1191,2,1,4,3,4,4,56,3
1192,1,2,4,3,4,3,62,2
1193,2,2,3,3,2,4,45,5
1194,1,2,5,3,5,3,43,3
1195,1,2,2,1,3,4,59,3
1196,1,1,3,1,5,3,49,3
1197,1,1,4,2,5,2,69,1
1198,1,2,3,3,5,3,,2
1199,2,1,1,4,4,4,34,5
1200,1,2,4,4,5,2,57,2
1201,2,1,4,4,5,1,48,4
1202,2,1,4,3,5,3,49,1
1203,1,2,5,1,5,1,63,1
1204,1,1,5,3,3,1,46,3
1205,2,1,4,4,5,2,54,2
1206,2,2,4,4,3,2,64,1
1207,1,2,3,1,3,1,38,4
1208,1,1,4,3,5,2,41,3
1209,1,1,3,2,3,2,,4
1210,1,4,3,3,3,3,63,2
1211,2,3,5,2,3,3,59,2
1212,2,2,3,2,3,5,47,2
1213,2,2,2,3,5,3,,4
1214,1,1,2,1,5,1,45,3
1215,1,1,1,3,4,4,51,2
1216,1,2,4,1,5,3,56,2
1217,2,2,4,3,3,2,66,1
1218,2,3,5,3,3,2,62,1
1219,2,2,2,4,4,2,,1
1220,2,1,3,4,5,2,66,1
1221,1,1,5,3,5,1,58,2
1222,1,1,5,3,5,2,65,1
1223,1,2,4,4,4,3,61,2
1224,1,2,3,2,4,2,,4
1225,2,1,5,3,4,1,50,3
1226,2,3,4,3,2,2,46,4
1227,1,1,5,5,5,3,55,2
1228,1,2,1,2,1,4,43,4
1229,2,1,3,3,5,3,40,4
1230,1,2,3,3,5,2,34,5
1231,2,2,4,2,3,2,53,4
1232,1,1,5,4,5,1,60,4
1233,2,1,2,3,5,2,51,4
1234,1,4,1,1,4,5,36,2
1235,1,2,3,3,4,2,63,2
1236,1,2,4,4,4,3,42,4
1237,1,2,4,3,3,3,59,2
1238,1,5,1,1,2,3,68,3
1239,2,1,4,4,5,1,38,3
1240,2,3,2,3,4,3,52,3
1241,1,2,2,2,4,3,,1
1242,1,1,4,3,5,2,58,2
1243,2,1,3,1,5,2,,3
1244,1,2,4,3,5,1,67,1
1245,2,1,1,2,5,3,,4
1246,2,1,2,2,4,1,59,2
1247,2,1,5,4,5,1,63,1
1248,1,2,3,2,4,3,67,2
1249,2,2,5,2,4,2,,3
1250,2,2,5,4,5,2,,1
1251,1,2,3,2,4,2,65,2
1252,2,1,4,4,5,4,63,2
1253,1,1,5,2,5,2,64,1
1254,2,2,4,3,4,2,37,3
1255,1,2,5,5,5,3,54,2
1256,2,2,4,3,4,3,40,3
1257,2,1,5,4,4,2,68,1
1258,1,1,4,3,5,2,58,3
1259,2,2,3,3,5,2,39,3
1260,2,2,5,4,4,2,58,2
1261,1,1,4,1,5,3,48,3
1262,2,3,3,3,3,3,55,2
1263,1,1,5,4,5,4,67,1
1264,2,1,5,3,5,1,54,3
1265,1,1,3,2,3,2,42,3
1266,2,2,5,4,4,3,50,4
1267,2,1,5,4,5,2,,3
1268,1,1,3,2,5,3,35,2
1269,1,2,3,3,3,4,50,3
1270,1,2,2,3,4,4,46,3
1271,2,1,5,1,3,5,36,3
1272,1,1,5,3,5,2,,4
1273,1,1,5,3,5,1,63,2
1274,2,3,4,3,4,2,68,1
1275,2,1,3,5,5,1,42.5,4
1276,1,1,4,4,4,3,39,2
1277,2,2,3,2,3,2,52,2
1278,2,3,4,3,5,4,53,1
1279,1,1,2,3,4,1,46,
1280,1,1,5,3,5,1,,3
1281,1,2,3,2,3,2,55,3
1282,1,1,2,3,3,2,35,5
1283,1,1,2,3,5,1,58,3
1284,1,1,4,2,3,2,66,2
1285,2,3,3,2,4,5,50,3
1286,2,1,5,4,4,3,,2
1287,1,1,5,2,5,1,47,3
1288,2,2,3,4,5,3,45,4
1289,1,1,5,3,5,4,60,2
1290,1,2,2,2,4,3,63,3
1291,1,,,,,,,
1292,1,2,5,2,5,3,52,4
1293,2,1,4,3,5,1,,3
1294,1,1,5,3,4,2,55,2
1295,1,3,4,1,3,3,53,3
1296,2,2,4,3,5,2,67,2
1297,2,2,4,2,4,1,49,4
1298,1,1,4,4,5,3,51,3
1299,2,1,4,3,5,2,60,4
1300,1,2,4,2,4,3,50.5,1
1301,1,4,1,4,2,1,58,1
1302,2,2,3,3,3,2,44,3
1303,1,2,4,2,5,2,67,1
1304,2,2,2,1,3,3,,3
1305,1,2,4,1,5,5,39,5
1306,2,4,3,1,2,3,44,4
1307,2,1,4,2,5,2,54,3
1308,1,3,3,2,3,4,32.5,5
1309,1,5,1,1,1,2,,5
1310,1,1,3,4,5,3,59,3
1311,1,1,4,3,5,2,57,1
1312,1,2,3,3,4,3,,4
1313,2,2,5,3,5,2,44,3
1314,1,2,2,2,3,1,38,5
1315,2,2,5,3,5,3,65,2
1316,2,1,4,5,5,2,50,5
1317,1,2,3,3,3,3,54,2
1318,1,1,5,3,4,4,60,2
1319,1,2,2,1,4,3,69,1
1320,1,2,4,1,3,5,43,3
1321,2,1,4,2,4,3,43,2
1322,2,1,1,4,5,4,44,3
1323,1,2,2,1,3,3,55,2
1324,2,3,4,2,3,3,57,3
1325,1,2,4,5,5,1,57,1
1326,2,1,4,5,5,2,52,2
1327,2,1,1,3,5,3,42,
1328,2,1,5,2,4,2,54,2
1329,2,2,1,3,4,4,43,5
1330,1,2,3,2,4,5,,1
1331,1,2,4,3,3,2,60,2
1332,2,2,2,1,4,4,45,1
1333,2,4,4,1,1,2,36,5
1334,2,1,4,4,5,3,39,4
1335,1,2,4,2,5,2,,5
1336,2,2,2,2,4,3,49,4
1337,1,2,5,4,3,3,,2
1338,2,2,3,2,3,3,45,4
1339,1,1,5,1,5,2,56,3
1340,1,5,1,1,1,2,,3
1341,2,4,5,1,2,2,66,1
1342,1,2,3,3,3,3,44,3
1343,1,1,3,3,5,3,41,4
1344,1,2,3,2,4,2,41,4
1345,2,3,3,3,3,3,54,1
1346,1,1,5,3,5,2,56,1
1347,2,4,1,2,2,,,5
1348,1,2,5,2,2,1,45,2
1349,1,1,3,5,5,1,52.5,2
1350,1,1,5,3,5,2,48,2
1351,2,1,4,1,4,1,67,2
1352,2,1,2,3,5,4,42,4
1353,1,1,3,1,5,3,36,4
1354,2,5,3,1,1,2,51,3
1355,2,1,5,3,5,1,48,4
1356,1,2,5,2,3,5,35,4
1357,2,1,4,4,5,1,59,2
1358,1,2,4,3,5,1,65,1
1359,2,1,2,3,5,2,51,3
1360,2,1,2,3,4,2,44,
1361,2,1,3,3,4,1,58,4
1362,2,2,2,3,4,4,49,2
1363,1,1,4,1,5,5,62,1
1364,2,1,4,4,5,2,65,2
1365,1,1,5,2,5,2,65,1
1366,1,1,4,3,5,2,67,1
1367,2,1,3,4,5,1,65,2
1368,1,1,4,3,1,5,,5
1369,1,2,1,2,3,2,43,3
1370,2,2,2,3,4,3,56,2
1371,1,,,,,,49,4
1372,1,1,2,1,5,2,39,3
1373,1,1,3,2,4,2,46,1
1374,2,4,2,2,2,2,,5
1375,1,1,,,5,5,,5
1376,1,1,5,1,2,2,,
1377,1,1,2,3,5,3,45.75,4
1378,1,1,4,2,4,2,62.5,2
1379,2,2,3,1,4,2,42,4
1380,2,3,4,2,3,3,41,4
1381,2,1,5,3,5,3,69,1
1382,1,2,3,3,2,3,53,3
1383,1,1,3,2,5,2,38,3
1384,2,2,2,2,5,5,66,2
1385,2,2,3,2,3,3,54,2
1386,1,1,4,3,5,2,44,3
1387,2,3,3,1,3,3,,5
1388,1,1,5,4,5,2,68,2
1389,2,1,5,4,4,1,58,1
1390,2,2,5,3,5,1,42,1
1391,2,2,4,2,4,2,52,3
1392,2,1,5,1,5,1,,
1393,2,1,5,1,5,2,50,2
1394,2,1,1,4,5,3,58,1
1395,2,4,2,1,2,3,,4
1396,1,,,,,,,4
1397,1,2,3,1,3,2,63,1
1398,2,1,4,3,5,1,64,1
1399,1,1,5,3,5,1,53,2
1400,2,2,2,1,4,1,36,3
1401,1,2,4,3,4,2,46,2
1402,2,2,4,3,4,2,41,2
1403,1,1,5,3,5,4,66,2
1404,2,1,4,2,5,3,61,3
1405,2,2,3,3,3,5,45,3
1406,1,1,5,4,5,1,40,5
1407,1,1,1,1,5,1,44,2
1408,2,2,4,3,4,2,57,2
1409,1,1,3,1,5,3,60,1
1410,1,3,1,1,5,1,50,3
1411,2,3,3,4,2,4,58,1
1412,2,3,5,1,3,4,60,3
1413,2,2,1,1,2,3,48,3
1414,2,3,,3,3,2,44,4
1415,1,1,5,4,5,1,67,1
1416,2,1,4,3,5,3,62,1
1417,1,2,3,4,5,2,40,3
1418,1,2,3,3,4,3,50,3
1419,1,1,4,3,5,2,57,3
1420,2,2,2,2,5,1,50,2
1421,2,1,3,3,4,2,48,4
1422,2,1,1,5,5,3,42,3
1423,2,1,3,5,5,5,33,5
1424,1,1,1,1,5,2,67,1
1425,1,1,3,3,5,3,40,5
1426,1,1,4,3,2,1,40,2
1427,2,1,4,3,4,3,57,1
1428,2,2,4,2,4,2,55,3
1429,2,2,4,1,5,2,52,3
1430,1,1,4,5,5,2,42,4
1431,1,1,3,2,5,3,39,2
1432,2,1,4,2,5,1,47.6666666666667,3
1433,1,3,4,2,4,3,43,4
1434,1,2,4,2,5,3,49,3
1435,2,2,4,2,4,1,54,2
1436,1,2,4,3,5,5,46,1
1437,2,2,4,2,4,1,,2
1438,1,2,2,3,5,3,58,3
1439,2,2,3,3,3,3,52,3
1440,2,2,3,4,5,1,60,2
1441,2,2,4,2,4,2,56,1
1442,2,2,4,4,3,1,59,1
1443,1,3,3,1,5,3,52,2
1444,1,1,4,4,5,2,,3
1445,1,1,4,3,5,2,45,
1446,1,4,4,2,2,2,41,4
1447,1,2,3,1,2,1,58,2
1448,2,3,5,1,2,2,52,1
1449,2,2,4,3,4,2,47,3
1450,2,1,2,3,5,3,41,4
1451,1,2,2,1,3,2,53,1
1452,2,1,5,4,5,2,42,1
1453,1,1,4,3,4,2,58,2
1454,1,2,5,3,5,4,61,2
1455,1,1,5,3,5,1,63,1
1456,1,2,4,2,3,3,50,3
1457,1,1,2,2,4,1,42,5
1458,1,3,3,2,3,2,58,3
1459,2,2,5,2,4,3,55,1
1460,2,2,4,3,4,2,,2
1461,2,3,2,1,2,4,43,3
1462,1,2,1,3,3,4,65,1
1463,2,2,3,3,4,2,52,3
1464,1,3,4,2,3,3,66,1
1465,2,2,3,2,3,3,38,4
1466,1,1,5,3,5,2,45.4285714285714,3
1467,2,1,5,3,5,2,52,3
1468,2,2,4,2,4,1,47,3
1469,2,1,3,3,5,1,60,2
1470,1,2,2,3,5,2,55,2
1471,2,2,5,4,4,3,52,3
1472,1,2,4,4,4,4,39,3
1473,1,2,1,1,5,2,46,4
1474,2,1,4,2,5,3,68,1
1475,2,3,4,2,2,3,51,3
1476,1,1,1,4,5,1,55,1
1477,1,1,4,4,5,2,59,2
1478,1,1,3,2,4,3,46,2
1479,2,2,2,4,2,4,44,2
1480,2,1,4,3,5,1,60,1
1481,2,2,3,1,3,2,52,2
1482,1,2,2,3,4,4,64,4
1483,1,2,2,1,3,2,,1
1484,2,2,3,2,4,2,,4
1485,2,1,3,4,5,5,45,3
1486,2,1,5,2,5,4,43,2
1487,1,2,4,2,4,2,54,1
1488,2,1,5,4,5,1,55,2
1489,2,1,3,5,5,1,,5
1490,2,1,5,3,4,2,58,2
1491,1,2,3,3,4,2,,3
1492,2,2,4,2,4,3,,2
1493,2,1,4,3,5,2,57,2
1494,2,1,4,3,5,3,62,1
1495,2,1,4,3,5,1,60,2
1496,1,2,4,3,4,3,58,1
1497,2,1,3,5,5,1,,4
1498,2,1,5,2,5,1,,3
1499,1,1,1,5,5,1,48,3
1500,1,1,4,3,5,1,49,1
1501,1,2,2,3,5,2,40,4
1502,2,1,3,4,4,2,43,4
1503,1,1,2,3,5,1,,1
1504,2,5,1,1,1,5,44,3
1505,1,2,2,1,4,4,58,1
1506,1,1,5,3,3,1,44,3
1507,2,3,4,3,1,1,54,2
1508,1,1,3,3,5,2,53,3
1509,2,2,3,4,5,2,60,1
1510,2,1,4,3,4,3,,4
1511,1,2,4,4,4,3,52,1
1512,1,2,3,2,5,1,57,1
1513,1,2,4,4,5,1,34,5
1514,1,1,3,4,5,4,54,2
1515,1,3,3,1,4,3,44,3
1516,1,2,3,1,3,5,45,3
1517,2,2,4,4,5,1,64,1
1518,2,1,5,4,5,1,45,4
1519,2,2,4,4,3,2,63,2
1520,2,2,1,1,3,2,42,5
1521,2,1,2,5,1,2,36,5
1522,2,1,1,3,5,1,38,4
1523,1,5,3,2,1,1,58,3
1524,1,1,3,5,5,3,49,3
1525,1,5,3,1,2,4,,5
1526,1,2,4,4,5,1,68,1
1527,1,2,2,3,3,2,51,1
1528,1,2,4,2,4,3,46,
1529,1,2,3,3,4,5,51,1
1530,2,2,1,2,2,3,53,3
1531,2,4,3,3,4,2,63,2
1532,1,1,5,3,5,2,56,1
1533,2,1,4,3,4,3,,1
1534,2,1,1,3,5,1,56,1
1535,1,1,3,2,5,2,56,4
1536,2,2,3,2,4,2,,4
1537,2,1,5,3,5,1,,1
1538,2,2,2,2,5,3,57,1
1539,2,1,5,3,5,3,65,1
1540,1,1,5,2,4,2,66,2
1541,2,1,5,3,5,1,41,5
1542,2,1,3,3,4,2,,3
1543,2,1,3,3,5,3,41,3
1544,2,2,4,1,4,3,58,2
1545,2,1,5,3,5,1,48,3
1546,1,1,4,1,5,1,60,2
1547,2,1,3,4,5,5,51,4
1548,1,1,5,3,5,2,,2
1549,1,1,4,3,4,4,63,1
1550,2,1,3,3,5,1,43,3
1551,2,2,1,3,1,3,54,3
1552,1,1,3,3,5,2,47,3
1553,1,1,5,3,5,1,66,1
1554,1,1,5,3,4,3,,1
1555,2,3,4,2,3,2,52,3
1556,2,2,3,3,4,3,35,5
1557,1,2,2,4,3,4,54,1
1558,1,1,5,3,5,1,70,1
1559,2,1,5,4,5,4,65,3
1560,2,1,4,2,4,2,54,2
1561,2,3,3,3,3,3,38,3
1562,1,3,4,1,3,3,37,3
1563,2,1,4,5,5,2,50,3
1564,1,3,2,2,2,3,35,5
1565,1,2,3,1,2,1,35,5
1566,1,3,2,3,3,3,40,4
1567,1,2,5,1,2,3,72,1
1568,1,1,3,2,4,4,46,4
1569,2,1,4,4,4,2,43,2
1570,2,1,5,4,5,2,,
1571,2,2,3,3,3,4,47,2
1572,1,1,2,3,5,4,58,4
1573,2,2,3,3,5,2,47,3
1574,1,1,4,2,5,1,51,3
1575,2,1,3,3,5,2,52,4
1576,1,3,3,2,3,2,49,2
1577,2,2,2,2,3,5,63,2
1578,2,1,4,5,5,3,40,
1579,2,4,2,3,2,4,56,5
1580,1,2,4,5,5,3,,2
1581,1,2,4,5,5,3,56,2
1582,2,1,5,3,5,2,,3
1583,2,1,2,3,5,2,54,3
1584,1,3,4,2,5,2,63,2
1585,2,2,5,1,3,2,47,3
1586,1,2,4,3,5,3,,2
1587,1,1,4,2,4,2,64,1
1588,1,2,2,3,4,2,,3
1589,2,1,4,2,5,2,57,1
1590,1,2,3,2,3,3,64,2
1591,1,5,1,1,1,5,,2
1592,1,3,4,1,3,4,54,4
1593,2,1,5,3,5,2,56,2
1594,2,1,3,4,,3,40,2
1595,2,2,4,2,4,1,69,1
1596,1,3,4,3,5,1,46,3
1597,2,1,2,3,4,3,45,5
1598,2,1,3,3,5,1,65,1
1599,1,1,3,3,5,2,69,2
1600,1,1,4,3,5,4,40,3
1601,2,2,3,3,3,5,64,2
1602,1,1,4,3,5,1,63,1
1603,1,2,5,1,4,2,65,1
1604,2,2,5,3,3,1,57,3
1605,2,4,4,2,2,2,51,3
1606,2,1,5,3,5,1,48,2
1607,2,2,2,3,4,2,51,3
1608,2,1,5,3,5,1,64,2
1609,1,2,1,5,3,1,38,5
1610,1,2,3,4,4,2,37,3
1611,2,2,3,2,4,3,46,2
1612,2,3,2,4,3,1,55,2
1613,1,2,4,1,3,2,74,1
1614,2,2,2,2,3,5,58,2
1615,1,1,4,2,5,3,45,3
1616,2,1,5,3,5,2,39,4
1617,2,1,3,3,5,2,60,1
1618,1,2,5,1,3,3,49,5
1619,2,2,1,3,4,4,54,2
1620,2,3,2,2,4,4,47,3
1621,1,2,5,3,5,3,,5
1622,2,1,3,3,5,2,51,3
1623,1,4,2,1,3,2,44,4
1624,1,2,3,4,5,2,58,1
1625,1,1,4,3,5,4,58,2
1626,2,2,5,4,5,1,69,1
1627,2,1,2,,5,3,52,3
1628,1,5,1,3,1,5,,3
1629,2,1,4,4,4,1,60,2
1630,1,2,1,1,3,2,58,4
1631,1,1,5,3,2,4,64,1
1632,1,1,4,3,5,5,52,2
1633,2,1,4,4,5,3,48,2
1634,1,1,3,4,5,3,58,1
1635,1,1,4,2,5,2,70,1
1636,2,2,3,1,3,3,,3
1637,2,1,4,5,5,1,36,5
1638,1,1,4,4,5,2,51,2
1639,1,2,4,1,3,2,45,3
1640,2,2,1,4,3,2,71,1
1641,2,1,5,3,5,1,62,1
1642,2,1,5,4,5,2,53,1
1643,1,2,2,2,4,3,57,3
1644,1,2,4,4,3,3,67,1
1645,2,3,4,1,2,4,54,2
1646,1,3,4,2,4,3,71,3
1647,1,1,1,5,5,5,,3
1648,1,4,2,3,3,4,37,4
1649,1,2,4,3,4,3,61,2
1650,1,2,4,3,4,2,71,1
1651,2,1,5,3,5,1,63,2
1652,2,3,5,3,4,3,,
1653,2,1,5,3,5,4,71,3
1654,2,2,3,2,4,4,51,2
1655,1,1,4,3,4,3,44,3
1656,2,1,5,2,5,3,67,1
1657,2,1,3,4,4,3,46,3
1658,2,1,5,2,5,1,,3
1659,2,1,5,1,3,2,,3
1660,2,1,3,4,4,3,,2
1661,1,2,3,3,5,3,47,3
1662,1,1,4,3,5,1,60,1
1663,2,3,3,3,3,3,,2
1664,1,2,4,3,4,3,57,1
1665,1,3,3,1,3,3,43,5
1666,1,2,2,4,5,1,47,4
1667,1,1,5,2,4,2,58,1
1668,2,2,5,3,3,3,61,3
1669,2,1,4,3,5,4,62,2
1670,1,4,3,1,3,3,,4
1671,2,1,5,4,5,2,64,1
1672,1,1,4,3,5,1,64,3
1673,2,2,5,3,3,2,67,1
1674,2,1,3,2,4,1,,4
1675,1,1,5,4,5,3,71,1
1676,2,2,2,1,4,5,40,5
1677,2,4,4,1,3,3,55,3
1678,2,2,3,3,5,2,,1
1679,2,2,3,3,4,3,50,2
1680,2,4,3,2,2,4,45,3
1681,2,2,5,2,4,1,56,2
1682,1,2,1,2,3,2,,3
1683,2,1,4,2,5,1,66,1
1684,1,2,3,4,5,2,54,4
1685,2,1,4,4,5,2,50,3
1686,1,3,3,2,3,2,48,3
1687,1,2,4,1,5,5,63,2
1688,2,2,3,2,2,2,59,1
1689,2,4,4,2,2,3,40,4
1690,1,2,4,4,5,2,,1
1691,2,2,4,2,3,2,52,3
1692,1,2,4,2,5,2,56,2
1693,1,5,5,1,1,5,51.6,5
1694,1,1,4,3,4,1,40,3
1695,1,2,3,3,5,4,60,2
1696,2,2,2,3,4,4,55,2
1697,1,1,5,5,5,1,74,1
1698,1,2,4,3,5,3,75,4
1699,1,1,3,3,5,2,,3
1700,1,1,2,2,4,2,58,1
1701,2,1,4,4,5,1,70,1
1702,2,1,3,3,4,3,45,4
1703,1,1,2,1,5,4,36,5
1704,1,2,2,3,4,3,59,2
1705,1,5,3,1,1,5,,5
1706,2,2,3,3,5,4,64,1
1707,2,1,5,4,5,1,56,2
1708,1,3,1,2,3,4,41,5
1709,1,3,4,3,3,2,70,1
1710,2,2,5,2,3,2,74,1
1711,2,2,5,4,4,2,64,1
1712,2,2,3,3,5,3,43,2
1713,1,2,2,1,1,3,34,5
1714,2,2,3,3,4,2,64,1
1715,2,2,3,4,3,2,45,4
1716,1,1,5,1,5,3,55,2
1717,2,2,3,4,5,4,68,2
1718,2,2,4,2,2,3,,2
1719,1,1,1,2,5,1,61,3
1720,2,2,4,1,1,4,,4
1721,2,2,4,3,4,2,69,1
1722,1,1,5,5,5,3,70,1
1723,1,2,4,3,4,2,,1
1724,1,1,3,3,5,3,44,4
1725,2,1,4,3,5,1,45,2
1726,2,1,5,4,5,2,63,2
1727,1,2,4,2,5,4,,4
1728,2,1,3,1,5,1,40,5
1729,2,1,5,4,5,1,50,4
1730,2,1,1,2,3,4,48,4
1731,1,1,2,1,5,4,38,4
1732,1,1,3,2,4,2,42,4
1733,2,2,3,2,3,1,,3
1734,1,1,3,2,1,5,57,1
1735,2,1,1,5,5,4,40,5
1736,2,1,2,3,5,4,,3
1737,2,2,4,2,4,1,61,2
1738,1,1,4,4,4,3,36,4
1739,2,2,4,3,4,1,52,3
1740,1,1,3,3,5,3,68,2
1741,2,1,5,5,5,1,63,2
1742,2,1,4,2,5,3,37,3
1743,2,1,3,4,4,3,71,1
1744,2,2,3,2,3,4,,5
1745,2,2,4,1,4,3,40,5
1746,2,4,2,3,3,3,53,4
1747,1,2,3,2,4,2,44,5
1748,1,2,4,1,5,5,60,1
1749,1,3,2,1,2,3,37,5
1750,1,1,5,2,4,4,49,4
1751,2,1,2,5,5,3,48,4
1752,1,1,4,3,4,2,,4
1753,1,2,4,2,5,3,53,4
1754,1,1,2,4,5,2,52,2
1755,1,2,3,3,5,2,40,3
1756,1,1,4,3,5,2,60,2
1757,1,1,4,4,5,4,53,2
1758,2,1,4,5,5,4,49,3
1759,1,1,2,3,5,1,47,4
1760,1,1,4,2,5,4,66,1
1761,2,1,5,4,4,2,52,2
1762,2,1,5,4,5,3,54,3
1763,2,3,5,1,4,1,54,2
1764,2,1,4,3,5,2,60,3
1765,2,2,5,3,5,3,43,4
1766,1,1,4,3,5,2,,2
1767,2,2,4,2,2,4,47,4
1768,1,1,5,4,5,2,56,1
1769,2,1,5,5,5,1,64,2
1770,2,2,4,3,4,2,,2
1771,1,1,3,3,5,1,59,3
1772,1,2,3,1,3,4,63,1
1773,1,1,3,3,4,2,52,2
1774,2,4,2,2,2,4,42,5
1775,1,3,4,2,3,3,,2
1776,2,1,5,4,5,2,,2
1777,1,2,1,1,4,5,68,5
1778,2,1,4,3,5,2,43,4
1779,2,2,5,3,5,2,57,1
1780,1,1,3,3,5,3,53,2
1781,1,2,5,4,5,2,58,2
1782,2,5,2,1,1,4,52,2
1783,1,1,5,4,5,2,63,1
1784,1,1,4,3,5,3,66,2
1785,1,2,1,1,3,3,39,3
1786,2,2,5,1,4,3,61,2
1787,2,1,4,3,5,2,35,5
1788,2,5,3,3,3,2,51,3
1789,1,1,5,2,4,2,46.5,3
1790,1,1,1,5,5,5,49,3
1791,2,2,4,3,4,2,55,1
1792,2,2,3,3,5,2,43,4
1793,2,2,4,3,4,3,35,3
1794,1,1,5,5,5,1,54,2
1795,2,1,3,3,5,3,70,1
1796,2,2,5,5,5,2,73,2
1797,2,2,3,5,5,1,,4
1798,2,1,2,3,5,2,46.4,3
1799,1,1,4,4,4,2,67,2
1800,1,4,2,2,3,4,39,4
1801,2,1,3,5,5,3,39.5,3
1802,2,1,5,3,5,2,52,2
1803,2,1,4,4,5,5,58,2
1804,2,3,4,2,2,2,59,1
1805,1,1,4,3,5,2,54,1
1806,1,2,5,4,3,3,67,1
1807,2,1,3,4,5,3,50,3
1808,2,2,3,2,4,3,,3
1809,1,1,4,3,5,2,52,2
1810,1,2,5,3,5,2,67,1
1811,1,1,4,3,5,4,50,2
1812,2,1,3,3,5,3,53,3
1813,2,1,4,3,4,2,,
1814,1,1,2,3,5,4,,4
1815,2,1,5,3,5,2,70,1
1816,2,1,2,3,5,1,51,4
1817,1,1,5,5,5,1,,1
1818,2,1,5,4,5,4,,1
1819,1,1,4,3,5,2,50,3
1820,1,2,4,3,3,2,63,1
1821,1,4,2,2,2,3,67,2
1822,1,3,4,2,2,4,51,2
1823,2,2,3,2,4,2,53,2
1824,1,1,3,2,5,2,,3
1825,1,2,3,4,4,3,46,4
1826,2,1,5,5,5,1,62,1
1827,1,1,5,2,5,1,,3
1828,2,1,5,5,5,1,63,2
1829,1,4,4,1,2,2,,1
1830,2,2,3,3,4,2,59,2
1831,1,2,4,4,5,3,53,3
1832,1,1,4,3,4,2,58,2
1833,2,1,2,1,5,2,39,
1834,1,1,4,3,5,1,58,3
1835,1,2,5,1,2,1,70,1
1836,2,1,3,4,5,3,62,2
1837,2,1,2,3,5,1,54,2
1838,2,2,3,4,3,2,,3
1839,2,2,4,3,5,1,55,1
1840,1,3,5,2,3,2,,3
1841,2,2,4,3,5,2,42,4
1842,2,1,2,3,5,4,46,3
1843,1,3,5,1,4,2,,4
1844,2,1,4,3,3,2,56,2
1845,1,1,4,3,5,2,64,2
1846,1,1,3,3,5,3,,2
1847,2,3,4,2,3,1,,4
1848,2,2,2,1,4,2,,2
1849,2,2,5,4,1,2,51,2
1850,1,1,1,3,5,1,47,1
1851,1,1,3,3,5,2,40,4
1852,1,1,5,3,,4,45,4
1853,1,1,4,3,5,2,55,1
1854,1,4,3,3,3,4,44,2
